{"pitch": [-2.9170793047299464, 11.391254536985741, 207.63098600266014, 46.77559025099008], "energy": [-1.431044517000972, 8.184337822393209, 37.326216822233135, 26.044180802858182]}